task_id,owner
03PM-1019,IMM PM Tech
03PM-1074,IMM PM Tech
03PM-1076,IMM PM Tech
03PM-1080,IMM PM Tech
03PM-1081,IMM PM Tech
03PM-1082,IMM PM Tech
03PM-1084,IMM PM Tech
03PM-1119,IMM PM Tech
03PM-1186,IMM PM Tech
03PM-4070,IMM PM Tech
03PM-9534,IMM PM Tech
03PM-1184,IMM PM Tech
03PM-1180,IMM PM Tech
03PM-1181,IMM PM Tech
03PM-1182,IMM PM Tech
03PM-1185,IMM PM Tech
03PM-1187,IMM PM Tech
03PM-1219,IMM PM Tech
03PM-1126,IMM PM Tech
03PM-1146,IMM PM Tech
03PM-1164,IMM PM Tech
03PM-1179,IMM PM Tech
03PM-0036,Cleaning Crew
03PM-2004,PM Support
03PM-2005,Night Shift Line Tech
03PM-2128,Day Shift Line Tech
03PM-2148,Night Shift Line Tech
03PM-2153,Night Shift Line Tech
03PM-2155,VSPL
03PM-3013,Day Shift Line Tech
03PM-3021,PM Team Tech
03PM-3048,PM Team Tech
03PM-3051,PM Team Tech
03PM-3066,PM Team Tech
03PM-3074,PM Team Tech
03PM-3080,PM Team Tech
03PM-4015,PM Team Tech
03PM-4086,PM Support
03PM-4109,Day Shift Line Tech
03PM-4111,PM Support
03PM-4114,PM Team Tech
03PM-4127,PM Support
03PM-4129,Night Shift Line Tech
03PM-4135,PM Team Tech
03PM-4138,Night Shift Line Tech
03PM-4149,PM Team Tech
03PM-4160,PM Team Tech
03PM-4163,Night Shift Line Tech
03PM-4164,PM Team Tech
03PM-4172,PM Team Tech
03PM-4176,PM Support
03PM-4178,PM Team Tech
03PM-4180,PM Support
03PM-5001,PM Team Tech
03PM-5039,PM Team Tech
03PM-5045,PM Team Tech
03PM-5046,PM Team Tech
03PM-5048,PM Team Tech
03PM-5053,PM Team Tech
03PM-5054,PM Team Tech
03PM-5055,PM Team Tech
03PM-5056,PM Team Tech
03PM-5076,PM Team Tech
03PM-4182,Day Shift Line Tech
03PM-0581,PM Team Tech
03PM-0582,Calibrations
03PM-0583,PM Team Tech
03PM-0584,PM Team Tech
03PM-0585,PM Team Tech
03PM-0586,PM Team Tech
03PM-0587,Calibrations
03PM-0588,PM Team Tech
03PM-0589,PM Team Tech
03PM-0590,PM Team Tech
03PM-0591,PM Team Tech
03PM-0592,PM Team Tech
03PM-0593,PM Team Tech
03PM-0594,PM Team Tech
03PM-0595,PM Team Tech
03PM-0596,PM Team Tech
03PM-0597,PM Team Tech
03PM-0598,PM Team Tech
03PM-0599,PM Team Tech
03PM-0600,PM Team Tech
03PM-0601,PM Team Tech
03PM-0602,PM Team Tech
03PM-0603,PM Team Tech
03PM-0604,PM Team Tech
03PM-0605,PM Team Tech
03PM-0606,PM Team Tech
03PM-0607,PM Team Tech
03PM-0608,PM Team Tech
03PM-0609,PM Team Tech
03PM-0610,PM Team Tech
03PM-0611,PM Team Tech
03PM-0612,PM Team Tech
03PM-0626,PM Team Tech
03PM-1165,IMM PM Tech
03PM-9533,IMM PM Tech
03PM-0011,McKendrees
03PM-0038,PM Team Tech
03PM-0517,McKendrees
03PM-0553,Day Shift Line Tech
03PM-0566,PM Team Tech
03PM-0567,PM Team Tech
03PM-0575,PM Team Tech
03PM-0578,IMM PM Tech
03PM-0579,IMM PM Tech
03PM-0580,IMM PM Tech
03PM-4167,PM Team Tech
03PM-2095,Cleaning Crew
03PM-0020,Day Shift Line Tech
03PM-0035,Day Shift Line Tech
03PM-2106,Day Shift Line Tech
03PM-2133,Day Shift Line Tech
03PM-4073,PM Support
03PM-4158,PM Team Tech
03PM-7103,VSPL
03PM-1199,IMM PM Tech
03PM-1201,IMM PM Tech
03PM-1198,Day Shift Line Tech
03PM-2604,Day Shift Line Tech
03PM-0053,Day Shift Line Tech
03PM-2144,Night Shift Line Tech
03PM-4097,Day Shift Line Tech
03PM-7104,VSPL
03PM-0015,Night Shift Line Tech
03PM-0032,Night Shift Line Tech
03PM-0034,Cleaning Crew
03PM-0039,VSPL
03PM-2096,Cleaning Crew
03PM-2141,Cleaning Crew
03PM-3070,Cleaning Crew
03PM-3071,Cleaning Crew
03PM-4074,Day Shift Line Tech
03PM-4159,Day Shift Line Tech
03PM-4601,Day Shift Line Tech
03PM-5017,PM Team Tech
03PM-5042,Cleaning Crew
03PM-5043,Cleaning Crew
03PM-5044,Cleaning Crew
03PM-5057,PM Team Tech
03PM-5078,Cleaning Crew
03PM-0045,PM Support
03PM-3081,PM Team Tech
03PM-5023,PM Support
03PM-1006,IMM PM Tech
03PM-1007,IMM PM Tech
03PM-1008,IMM PM Tech
03PM-1011,IMM PM Tech
03PM-1012,IMM PM Tech
03PM-1013,IMM PM Tech
03PM-1014,IMM PM Tech
03PM-1052,IMM PM Tech
03PM-1060,IMM PM Tech
03PM-1101,IMM PM Tech
03PM-1142,IMM PM Tech
03PM-1145,IMM PM Tech
03PM-1149,IMM PM Tech
03PM-1151,IMM PM Tech
03PM-1152,IMM PM Tech
03PM-1168,IMM PM Tech
03PM-2003,Night Shift Line Tech
03PM-4016,PM Team Tech
03PM-4087,PM Team Tech
03PM-4148,PM Team Tech
03PM-4173,Day Shift Line Tech
03PM-4179,Day Shift Line Tech
03PM-5014,Cleaning Crew
03PM-5035,PM Support
03PM-5036,PM Team Tech
03PM-5037,PM Team Tech
03PM-5047,PM Team Tech
03PM-1001,IMM PM Tech
03PM-1002,IMM PM Tech
03PM-1097,IMM PM Tech
03PM-0501,PM Team Tech
03PM-0569,IMM PM Tech
03PM-0613,PM Team Tech
03PM-0614,PM Team Tech
03PM-0615,PM Team Tech
03PM-0618,PM Team Tech
03PM-0619,PM Team Tech
03PM-0622,PM Team Tech
03PM-0624,PM Team Tech
03PM-0625,PM Team Tech
03PM-1148,IMM PM Tech
03PM-1154,IMM PM Tech
03PM-1155,IMM PM Tech
03PM-1161,IMM PM Tech
03PM-1162,IMM PM Tech
03PM-1167,IMM PM Tech
03PM-1501,IMM PM Tech
03PM-3555,PM Team Tech
03PM-9526,PM Team Tech
03PM-2094,Day Shift Line Tech
03PM-2600,Day Shift Line Tech
03PM-1175,IMM PM Tech
03PM-1003,IMM PM Tech
03PM-1005,IMM PM Tech
03PM-1128,IMM PM Tech
03PM-1513,IMM PM Tech
03PM-2125,Night Shift Line Tech
03PM-3075,PM Team Tech
03PM-4166,Day Shift Line Tech
03PM-1158,IMM PM Tech
03PM-0046,PM Team Tech
03PM-0050,PM Team Tech
03PM-0616,PM Team Tech
03PM-0617,PM Team Tech
03PM-0620,PM Team Tech
03PM-0621,PM Team Tech
03PM-1160,IMM PM Tech
03PM-1512,IMM PM Tech
03PM-0516,McKendrees
03PM-1176,IMM PM Tech
03PM-5520,Reliability Tech
03PM-5030,Day Shift Line Tech
03PM-1207,IMM PM Tech
03PM-1208,IMM PM Tech
03PM-1209,IMM PM Tech
03PM-1523,IMM PM Tech
03PM-1529,IMM PM Tech
03PM-1530,IMM PM Tech
03PM-0630,IMM PM Tech
03PM-0631,IMM PM Tech
03PM-1210,IMM PM Tech
03PM-0563,PM Team Tech
03PM-0623,PM Team Tech
03PM-3508,PM Team Tech
03PM-1177,IMM PM Tech
03PM-1178,IMM PM Tech
03PM-3007,PM Team Tech
03PM-3005,PM Support
03PM-1032,IMM PM Tech
03PM-1067,IMM PM Tech
03PM-2070,Night Shift Line Tech
03PM-4102,Day Shift Line Tech
03PM-1078,IMM PM Tech
03PM-1085,IMM PM Tech
03PM-1088,IMM PM Tech
03PM-1075,IMM PM Tech
03PM-1086,IMM PM Tech
03PM-2105,Day Shift Line Tech
03PM-4004,PM Team Tech
03PM-1112,IMM PM Tech
03PM-4133,Day Shift Line Tech
03PM-2130,Day Shift Line Tech
03PM-4150,SME
03PM-3072,PM Team Tech
03PM-4174,PM Team Tech
03PM-0033,Shutdown Item
03PM-0047,PM Support
03PM-0049,VSPL
03PM-5077,IMM PM Tech
03PM-3045,PM Team Tech
03PM-9569,Miller Elec.
03PM-1221,IMM PM Tech
03PM-1223,IMM PM Tech
03PM-1531,IMM PM Tech
03PM-4100,Day Shift Line Tech
03PM-4169,IMM PM Tech
03PM-4170,Day Shift Line Tech
03PM-4175,Day Shift Line Tech
03PM-3079,IMM PM Tech
03PM-2154,IMM PM Tech
03PM-9580,Miller Elec.
03PM-1222,IMM PM Tech
03PM-1224,IMM PM Tech
03PM-1514,IMM PM Tech
03PM-1195,IMM PM Tech
03PM-4183,Day Shift Line Tech
03PM-2131,VSPL
03PM-0628,PM Team Tech
03PM-0632,PM Team Tech
03PM-1515,IMM PM Tech
03PM-1516,IMM PM Tech
03PM-1517,IMM PM Tech
03PM-1518,IMM PM Tech
03PM-1519,IMM PM Tech
03PM-1520,IMM PM Tech
03PM-1521,IMM PM Tech
03PM-1522,IMM PM Tech
03PM-1524,IMM PM Tech
03PM-1525,IMM PM Tech
03PM-1526,IMM PM Tech
03PM-1527,IMM PM Tech
03PM-1528,IMM PM Tech
03PM-4181,Day Shift Line Tech
03PM-1069,IMM PM Tech
03PM-5006,PM Team Tech
03PM-5007,PM Team Tech
03PM-3006,Night Shift Line Tech
03PM-3023,PM Team Tech
03PM-4013,PM Team Tech
03PM-0014,PM Team Tech
03PM-2107,Day Shift Line Tech
03PM-0021,IMM PM Tech
03PM-5038,PM Team Tech
03PM-3551,PM Team Tech
03PM-1133,IMM PM Tech
03PM-0037,Day Shift Line Tech
03PM-0042,Day Shift Line Tech
03PM-1000,IMM PM Tech
03PM-1170,IMM PM Tech
03PM-1172,IMM PM Tech
03PM-1171,IMM PM Tech
03PM-3076,PM Team Tech
03PM-5052,PM Team Tech
03PM-3082,PM Team Tech
03PM-1220,IMM PM Tech
03PM-1189,IMM PM Tech
03PM-2147,PM Team Tech
03PM-2146,PM Team Tech
03PM-2142,PM Team Tech
03PM-2152,Miller Elec.
03PM-1089,IMM PM Tech
03PM-1094,IMM PM Tech
03PM-1095,IMM PM Tech
03PM-1096,IMM PM Tech
03PM-1090,IMM PM Tech
03PM-1091,IMM PM Tech
03PM-1092,IMM PM Tech
03PM-4161,Day Shift Line Tech
03PM-4155,Day Shift Line Tech
03PM-1183,IMM PM Tech
03PM-1071,IMM PM Tech
03PM-1072,IMM PM Tech
03PM-1169,IMM PM Tech
03PM-2113,Day Shift Line Tech
03PM-2115,IMM PM Tech
03PM-1188,IMM PM Tech
03PM-1202,IMM PM Tech
03PM-1200,IMM PM Tech
03PM-1203,IMM PM Tech
03PM-1212,IMM PM Tech
03PM-1213,IMM PM Tech
03PM-1214,IMM PM Tech
03PM-1215,IMM PM Tech
03PM-1216,IMM PM Tech
03PM-1217,IMM PM Tech
03PM-1218,IMM PM Tech
03PM-2151,Day Shift Line Tech
03PM-2606,Day Shift Line Tech
03PM-2605,Day Shift Line Tech
03PM-1226,IMM PM Tech
03PM-1204,IMM PM Tech
03PM-3550,PM Team Tech
03PM-1205,IMM PM Tech
03PM-1015,IMM PM Tech
03PM-1093,IMM PM Tech
03PM-0017,PM Team Tech
03PM-0018,PM Team Tech
03PM-0019,PM Team Tech
03PM-0048,PM Team Tech
03PM-2150,Day Shift Line Tech
03PM-1227,IMM PM Tech
03PM-1206,IMM PM Tech
03PM-4162,Day Shift Line Tech
03PM-5050,PM Team Tech
03PM-2607,Day Shift Line Tech
03PM-1194,IMM PM Tech
03PM-2138,Day Shift Line Tech
03PM-4165,Day Shift Line Tech
